Business Name,Website,Description,Instagram Exists
"KOLACHI RESTAURANT, Karachi - Restaurant Reviews, Photos ...",https://www.tripadvisor.com/Restaurant_Review-g295414-d3568210-Reviews-or600-Kolachi_Restaurant-Karachi_Sindh_Province.html,Best bar b Que in the whole city.... do not miss this place... food and ambience is a 10/10 . The view is to die for and with the wooden decks dramatically lit ...,No
Level of compliance to smoke-free laws by restaurants in Karachi ...,https://pubmed.ncbi.nlm.nih.gov/39632079/,"Dec 4, 2024 ... Our study reveals disparities in the compliance of smoke-free laws between low-end and high-end restaurants, highlighting the need to enforce these laws across ...",No
"OKRA, Karachi - Restaurant Reviews, Photos & Phone Number ...",https://www.tripadvisor.com/Restaurant_Review-g295414-d807581-Reviews-or50-Okra-Karachi_Sindh_Province.html,"Okra has a large verities of different food from American burgers to traditional Pakistani korma.Enjoy a pleasurable meal alone,with friends or even with ...",No
Osamah Nasir - Croatian Restaurant in Karachi... | Facebook,https://www.facebook.com/permalink.php/?story_fbid=532546639473969&id=100081559124566,Croatian Restaurant in Karachi #karachi · Aziz Ahmed. Crotian restaurant waly delhi waly hain? · Muhammad Younus Khan. Why do you guys always omit the location.,No
Restaurants at Karachi Marriott Hotel,https://www.marriott.com/en-us/hotels/khipk-karachi-marriott-hotel/dining/,"The restaurant offers buffet breakfast, lunch, hi-tea & dinner with both of international & local flavors along with an a la carte menu.",No
"Parsi food isn't exactly easy to come by in Karachi, but with that ...",https://www.instagram.com/mystapaki/p/CZR2FTGMXrc/?hl=en,"Jan 28, 2022 ... 2088 likes, 73 comments - mystapaki on January 28, 2022: ""Parsi food isn't exactly easy to come by in Karachi, but with that being said it ...",No
Where's the best spicy food in Karachi? - Quora,https://www.quora.com/Wheres-the-best-spicy-food-in-Karachi,"Aug 29, 2019 ... There all are available in Karachi different area specially burns road food street port grand & many other place.",No
"One night at D'Alma, the most controversial restaurant in Karachi ...",https://images.dawn.com/news/1180755/one-night-at-dalma-the-most-controversial-restaurant-in-karachi,"Sep 18, 2018 ... But bad food wasn't the reason for the sudden uptick in chatter about D'Alma online. The reviews that started to roll in after D'Alma opened its ...",No
"LOCO, Karachi - Restaurant Reviews, Photos & Phone Number ...",https://en.tripadvisor.com.hk/Restaurant_Review-g295414-d12580571-Reviews-or15-Loco-Karachi_Sindh_Province.html,"22 reviews, $$ - $$$, Mexican, Latin, Vegetarian friendly, 14c 10th Commercial Ln Zamzama Commercial Area Defence V Karachi, Karachi 75500 Pakistan",No
